{"schemaVersion":"1.0","appDefinitionTemplate":{"id":"/providers/Microsoft.PowerApps/apps/","type":"Microsoft.PowerApps/apps","tags":{"minimumRequiredApiVersion":"2.2.0"},"properties":{"appVersion":"2019-11-15T21:35:25Z","lifeCycleId":"Published","createdByClientVersion":{"major":3,"minor":19102,"build":22,"revision":0,"majorRevision":0,"minorRevision":0},"minClientVersion":{"major":3,"minor":19102,"build":22,"revision":0,"majorRevision":0,"minorRevision":0},"backgroundColor":"rgba(0, 176, 240, 1)","backgroundImageUri":"/16659840430583452605/N0f2622ce-99e2-49d8-ab02-7af6c7e612cd-bh_patientsymptomsform_bf8c9_BackgroundImageUri","displayName":"Patient Symptoms Form","description":"","commitMessage":"","appUris":{"documentUri":{"value":"/16659840430583452605/N69559512-3818-4397-86dd-dd769a146cf0-bh_patientsymptomsform_bf8c9_DocumentUri.msapp","readonlyValue":"/16659840430583452605/N69559512-3818-4397-86dd-dd769a146cf0-bh_patientsymptomsform_bf8c9_DocumentUri.msapp"},"imageUris":[]},"createdTime":"0001-01-01T00:00:00Z","lastModifiedTime":"0001-01-01T00:00:00Z","sharedGroupsCount":0,"sharedUsersCount":0,"icons":{"smallIconUri":"/16659840430583452605/Nd195de0c-fd3e-4158-b2c1-a7e2c6707179-small.png","mediumIconUri":"/16659840430583452605/Ne9866c2c-fd31-4ad6-bf7e-0c70a5a145ac-medium.png","largeIconUri":"/16659840430583452605/N1a1f3afe-30e5-4ebf-804f-31dbadd8a643-large.png","wideIconUri":"/16659840430583452605/N5e82c0d2-93c5-4106-8c1c-521e9603647b-wide.png"},"connectionReferences":{},"databaseReferences":{"default.cds":{"databaseDetails":{"referenceType":"Environmental","environmentName":"default.cds"},"dataSources":{"PatientSymptoms":{"entitySetName":"crb3c_patientsymptomses","logicalName":"crb3c_patientsymptoms"}}}},"almMode":"Solution"},"appComponents":[]}}