{"properties":{"connectionReferences":{"shared_commondataservice":{"runtimeSource":"embedded","connection":{},"api":{"name":"shared_commondataservice"}}},"definition":{"$schema":"https://schema.management.azure.com/providers/Microsoft.Logic/schemas/2016-06-01/workflowdefinition.json#","contentVersion":"1.0.0.0","parameters":{"$connections":{"defaultValue":{},"type":"Object"},"$authentication":{"defaultValue":{},"type":"SecureObject"}},"triggers":{"When_a_record_is_created":{"metadata":{"flowSystemMetadata":{"swaggerOperationId":"SubscribeOnNewItems"}},"type":"ApiConnectionWebhook","inputs":{"host":{"connection":{"name":"@parameters('$connections')['shared_commondataservice']['connectionId']"}},"body":{"NotificationUrl":"@{listCallbackUrl()}"},"path":"/datasets/@{encodeURIComponent(encodeURIComponent('org1d890600.crm4'))}/tables/@{encodeURIComponent(encodeURIComponent('crb3c_patientsymptomses'))}/onnewitemswebhook","queries":{"scope":"Organization"},"authentication":"@parameters('$authentication')"}}},"actions":{"Send_to_Bot":{"runAfter":{"Parse_JSON":["Succeeded"]},"type":"Http","inputs":{"method":"POST","uri":"http://patientsymptombot.azurewebsites.net/api/notify","headers":{"Content-Type":"application/json"},"body":{"Key":"4cd99b7f-aa52-4785-b1f6-2cd924e4a6e9","Doctor":"@{triggerBody()?['crb3c_doctor']}","PatientName":"@{triggerBody()?['crb3c_name']}","PatientDob":"@{triggerBody()?['crb3c_dateofbirth']}","Symptoms":"@{triggerBody()?['crb3c_symptoms']}","Identifier":"@{triggerBody()?['crb3c_identifier']}","SignSymptomMention":"@{body('Parse_JSON')?['signSymptomMentionConceptList']}","MedicationMention":"@{body('Parse_JSON')?['medicationMentionConceptList']}","DiseaseDisorderMention":"@{body('Parse_JSON')?['diseaseDisorderConceptList']}","AnatomicalSiteMention":"@{body('Parse_JSON')?['anatomicalSiteMentionConceptList']}"}}},"CTakes_Engine":{"runAfter":{},"type":"Http","inputs":{"method":"POST","uri":"https://symptomschecker.azurewebsites.net/api/cParseFunction","headers":{"x-function-key":"fnJ6Kfbbjp1/qiIQ2tRwMs2Rw0U4si5fNZva1GZU6vskxCpfYLPFog=="},"body":"@triggerBody()?['crb3c_symptoms']"}},"Parse_JSON":{"runAfter":{"CTakes_Engine":["Succeeded"]},"type":"ParseJson","inputs":{"content":"@body('CTakes_Engine')","schema":{"type":"object","properties":{"diseaseDisorderConceptList":{"type":"string"},"medicationMentionConceptList":{"type":"string"},"signSymptomMentionConceptList":{"type":"string"},"anatomicalSiteMentionConceptList":{"type":"string"}}}}}}}},"schemaVersion":"1.0.0.0"}